"Oblast podpory","Rok dotačního titulu","Číslo žádosti","Název projektu","Popis a způsob realizace akce/projektu","Stav žádosti","Celkové náklady","Celková požadovaná dotace celkem v roce 2018","Proplacená dotace (Kč)","Podíl celkové požadované dotace k celkovým nákladům"
"Pořízení vybavení pro sociální, kulturní, sportovní a vzdělávací aktivity","2018","FHT/PHT/036288/2018","Rozšíření vozového parku","Rozšíření vozového parku pro terénní sociální službu., Náš ústav Kvalitní podzim života z.ú. poskytuje péči o seniory v domácím prostředí v lokalitách Praha-západ a Praha-východ. Jedná se o venkovský prostor, kde neexistuje flexibilní spojení. To znamená, že naše organizace je odkázaná na spolehlivý vozový park. Fond Hejtman nám již v minulosti pomohl k nákupu dvou vozů. O naše služby je velký zájem, o čemž svědčí i každoroční navyšování kapacity. V terénu máme 9 pečovatelek. Většina vozů jsou již na hranici životnosti a náklady na opravu vozu převyšují jeho hodnotu. Navíc u některých vozů končí STK bez možnosti prodloužení a budou muset být trvale vyřazeny z provozu. Rádi bychom  opět požádali o dotaci ve výši 50tis. korun. Částka bude sloužit jako akontace na pořízení mladšího vozu a zbylá část bude uhrazena v měsíčních splátkách. Naší snahou bude pořízení úsporného vozu s maximálním stářím 7 let. , ","žádost zkontrolována KÚ","200000","50000","","25"
"Činnosti nebo aktivity v oblasti sociální","2018","FHT/PHT/035516/2018","Rekondice v Broumově","Objednání dopravy do Broumova a zpět, objednání ubytování,příprava programu, vybrání zálohy od členek, samotná realizace (2.9. - 8.9.2018), vyúčtování a vyhodnocení.","žádost zkontrolována KÚ","106000","60000","","56.60377358"
"Činnosti nebo aktivity v oblasti sociální","2018","FHT/PHT/035581/2018","Klub svobodných matek","Činnost neziskové organizace poskytující pomoc matkám samoživitelkám a jejich dětem. Poskytování odborného poradenství,  finanční a materiální pomoci, podpora sociálního začleňování matek samoživitelek do společnosti formou jejich vzdělávání, zprostředkování pracovních příležitostí, zvyšování informačního povědomí o rodinném právu a sociálních záležitostech.","žádost zkontrolována KÚ","244900","97960","","40"
"Financování dalších činností a aktivit, nad nimiž převzal záštitu některý z orgánů SK","2018","FHT/PHT/036289/2018","Slavnostní předání ocenění Český Goodwill 2018","Slavnostní předání ocenění Český Goodwill 2018 je vyvrcholením 6. ročníku projektu Český Goodwill – ocenění pro firmy, kterých si lidé váží. Projekt má dlouhodobý charakter, každoročně probíhá ve 3 fázích, letošní ročník konkrétně od 20. 10. 2017 do 31. 12. 2018., , Projekt je primárně založený na nominacích veřejnosti, která vnímá pozitivní dopad činnosti podnikatelů a společností, které ke svému podnikání přistupují odpovědně, na široké okolí podniku a místní komunity v krajích, ve kterých firmy působí. , , Cílem projektu je vyslovit veřejné uznání podnikatelům, kteří podnikají čestně, s dlouhodobou vizí, tvoří reálné hodnoty, jednají eticky se svými zaměstnanci, obchodními partnery, zákazníky, dodavateli i všemi ostatními stakeholdery, podporují charitativní a jiné obecně prospěšné projekty, a celkově tak budují dobrou budoucnost pro široké okolí svého podniku. , , V roce 2018 se koná již 6. ročník projektu Český Goodwill. Za uplynulých 5 let ocenění Český Goodwill získalo na 300 firem, z toho 12 % právě ve Středočeském kraji. Ocenění má celorepublikový charakter a od roku 2017 také mezinárodní (v letošním roce probíhá na Slovensku již druhý ročník ocenění Slovenský Goodwill). Projekt Český Goodwill se pravidelně koná pod záštitou hejtmanky Středočeského kraje Jaroslavy Pokorné Jermanové, budeme proto vděční za zachování přízně i v letošním významném roce, kdy si připomínáme 100 let české státnosti.  , , Tradičním vyvrcholením ročníku Český Goodwill 2018 – ocenění pro firmy, kterých si lidé váží, bude jubilejní galavečer spojený s předáváním ocenění. U příležitosti 100. výročí vzniku Československa bude 6. galavečer 25. října 2018 v Brožíkově sále Staroměstské radnice v Praze mimořádně hostit i finalisty a partnery projektu Slovenský Goodwill, abychom si tak symbolicky připomněli 100 let společné historie a podnikatelských úspěchů. Bude se jednat o vrcholnou společenskou událost za účasti předních českých a zahraničních VIP hostů. , ","žádost zkontrolována KÚ","668595","75000","","11.21755323"
"Činnosti nebo aktivity v oblasti kultury","2018","FHT/PHT/036330/2018","Slavnostní koncerty vážné hudby k příležitosti oslav 100. výročí oslav vzniku Československa","2 koncerty vážné hudby - 1.  M. Sekera (klavír) a J. Špaček (housle), 2. J. Svěcený (housle) a L. Horák (akordeon). První klavírní recitál proběhne 14.9.2018, druhý koncert 21.9.2018. Oba koncerty budou probíhat na zámku v Kosmonosech, v Zrcadlovém sále. ","žádost zkontrolována KÚ","86722","40000","","46.1243975"
"Činnosti nebo aktivity v oblasti výchovy a vzdělávání","2018","FHT/PHT/036076/2018","Propagace filmu Zlatý podraz","Cílem projektu je zajistit nejširší informovanost o celovečerním hraném filmu Zlatý podraz, který originálním způsobem vypráví o nikdy nekončícím střetávání osobní a občanské svobody se snahou ovládnout výrazné individuality a manipulovat s nimi. Právě touto neustále aktuální tematikou je film výjimečným příspěvkem ke 100. výročí vzniku Československa. Jeho uvedení v říjnu 2018 bude spojeno s velkou mediální kampaní. , ","žádost zkontrolována KÚ","1000000","50000","","5"
"Činnosti nebo aktivity v oblasti kultury","2018","FHT/PHT/036300/2018","Karlštejnské vinobraní 2018","Předmětem naší žádosti jsou náklady spojené s organizací a pořádáním 22. ročníku Karlštejnského vinobraní, které se bude konat o víkendu 29.9 a 30.9.2018 na několika místech Městyse Karlštejn. Karlštejnské vinobraní patří k oblíbeným akcím nejen pro návštěvníky ze Středočeského kraje, ale i pro návštěvníky z celé České republiky. Každoročně se akce zúčastní okolo dvacet tisíc lidí. , Pro návštěvníky je kromě ochutnávky vín a burčáku připraven bohatý celodenní program. Na nádvoří hradu Karlštejn a na náměstí pod hradem čekají na návštěvníky různá taneční, hudební, šermířská a kejklířská vystoupení. Na dětském hřišti u školy je připraven zábavný program pro děti v podobě různých soutěží, divadelních představení a cirkusových vystoupení s možností výuky cirkusových dovedností. Cesta k hradu je lemována stánky připomínající dobové krámky. Hlavní částí programu každého dne je připomínka slavné české historie ve formě průvodu císaře římského a krále českého Karla IV. s jeho chotí Eliškou Pomořanskou a družinou královských dvořanů, která čítá okolo 200 lidí. Královský pár je doprovázen královskými heroldy, fraucimorem, královskými hudebníky a kejklíři. Účastníci jsou oděni ve stylizovaných historických kostýmech. Průvod se vydá z prostranství před karlštejnským vinařstvím až na hrad. Sobotní program bude zakončen loučovým průvodem. , V letošním roce se náklady spojené s organizací Karlštejnského vinobraní pohybují kolem 750 000,- Kč bez DPH. V přiloženém rozpočtu jsou uvedeny podrobné náklady akce. Mezi největší položky rozpočtu patří náklady na kulturní doprovodný program ve výši 460 000,- Kč, které jsou tvořeny odměnami jednotlivým účinkujícím a vystupujícím skupinám. Každoročně se snažíme obohatit program o nová vystoupení a aktivity, aby byl program pro návštěvníky zajímavější. Naším cílem je připravit slavnostní a nezapomenutelné oslavy pro všechny návštěvníky vinobraní. Rádi bychom požádali Středočeský kraj o finanční příspěvek na náklady spojené s kulturním programem akce. Ušetřené peníze bychom mohli dále využít k větší propagaci akce., Povinná publicita bude zajištěna zveřejněním informací o spolufinancování akce v místě konání, dále na vývěskách v obci a na internetových stránkách http://www.karlstejnske-vinobrani.cz/. Dále bude logo Středočeského kraje jako sponzora akce uveřejněno na videu v reportáži o průběhu vinobraní, které je každoročně natočeno a zveřejněno na internetových stránkách Karlštejnského vinobraní.    , Věříme, že i letošní ročník bude mít takový úspěch, jako ty předešlé ročníky. A že se podaří připravit pro všechny návštěvníky nezapomenutelné zážitky. , ","žádost zkontrolována KÚ","750800","100000","","13.31912627"
"Činnosti nebo aktivity v oblasti sportu a tělovýchovy","2018","FHT/PHT/036301/2018","Reprezentace Kutné Hory, Středočeského kraje a České republiky na mistrovství světa Spartan race a mistrovství světa OCR","Jakožto úřadující mistr České republiky v disciplíně extrémních překážkových běhů OCR pro rok 2017/2018 budu reprezentovat rodné město Kutná Hora, Středočeský kraj a Českou republiku na vrcholných akcích extrémních překážkových běhů Spartan race a OCR. Na mistrovství světa Spartan race v USA u jezera Lake Tahoe a mistrovství světa OCR v Londýně. Na obou mistrovstvích se budu účastnit jak individuálních závodů jednotlivců, tak týmových štafet reprezentujících Českou republiku. Vzhledem ke své dosavadní výkonnosti a úspěchům v letošní sezóně mám ambice na umístění mezi dvaceti nejlepšími muži na světě (MS Spartan race a MS OCR).Věřím, že svými sportovními výkony a zdravým životním stylem, který se snažím propagovat, jsem inspirací pro děti i dospělé, kterým sport může pomoci zlepšit kondici a žít kvalitnějším životem.","žádost zkontrolována KÚ","83500","55110","","66"
"Činnosti nebo aktivity v oblasti výchovy a vzdělávání","2018","FHT/PHT/036270/2018","Třetí ""Rožmitálský podzim""","Letos o něco dříve než v předchozích letech, už 15. září 2018 nás čeká tradiční akce ""Rožmitálský podzim"". Bude se konat ve sportovně-rekreačním areálu u Sadoňského rybníka v Rožmitále pod Třemšínem. První ročník se uskutečnil v roce 2016 a hlavním iniciátorem nápadu spojit výlov tohoto rybníka se slavností pro širokou veřejnost byla místní organizace Českého rybářského svazu, která oslovila vedení města a vedení Českého mysliveckého svazu v Rožmitále. Místní rybářská organizace je v posledních letech velice aktivní zejména v práci s dětmi a mládeží. Pro děti pořádá rybářské závody, exkurze, výlety, rybářský tábor - to vše spojené s poznáváním přírody a výchovou dětí k její ochraně. Počet dětí navštěvující tento kroužek každým  rokem přibývá, v roce 2017 stoupl jejich počet na 35. Za svou činnost byl v uplynulém roce rybářský kroužek pod vedením Aleše Halusky vyhodnocen jako nejlepší ve Středočeském kraji. Ke slavnosti se připojuje i místní organizace Českého mysliveckého svazu společně s lesnicko - dřevařskou společností KAISER s. r. o., která se, ve spolupráci s Lesnickými školami Písek, stará o další program slavnosti - ukázku výcviku loveckých psů, představení dravých ptáků, ukázku vábení zvěře, loveckou hudbu v podání Podbrdských trubačů, výukový program - lesní pedagogika a další. Třetího ""Rožmitálského podzimu"" se poprvé zúčastní rožmitálští včelaři i chovatelé drůbeže a drobného domácího zvířectva. , Jedná se o celodenní program, spojený s výlovem Sadoňského rybníka, prodejem živých ryb, rybích a zvěřinových specialit, doprovázený živou hudební produkcí a kulturním programem. Oba již uskutečněné ročníky se setkaly s neobvyklým zájmem veřejnosti nejen z Rožmitálu, ale z celého Podbrdska. Proto se město rozhodlo podpořit tuto podzimní slavnost i v dalších letech a vytvořit tak další oblíbenou tradici místního regionu. ","žádost zkontrolována KÚ","105000","60000","","57.14285714"
"Činnosti nebo aktivity v oblasti sportu a tělovýchovy","2018","FHT/PHT/036180/2018","Nučická stezka 2018","Nučická stezka je známým dlouholetým veřejným závodem mimo dráhu na trati 6,1 km pro muže, dorostence a ženy – vytrvalkyně. Trať 1,9 km pro ženy a dorostenky a na trati 1,0 km pro mladší a starší žáky a žákyně. Závodu se zúčastňují nejen amatérští běžci z blízkého i vzdáleného okolí, ale také registrovaní atleti z různých oddílů v republice ( Atletika Chuchle, Loko Beroun, AK Kroměříž, USK Universita Brno, Spartak Praha, USK Praha, AC Trutnov,…). Závodu se tradičně účastní děti ze základních škol z Nučic a blízkého okolí (Vysoký Újezd, Tachlovice, Jinočany, Rudná...) Závod je určen pro všechny generace. Pro nejmladší a mladší závodníky je každým rokem připraven bohatý doprovodný program např.: - soutěže a hry,malování na obličej,lukostřelba, lezecká stěna, mobilním planetárium, ukázky hasičského zásahu jednotky SDH NUČICE atd. Všechny zúčastněné děti obdrží od pořadatelů věcné ceny nezávisle na umístění v závodu. Dospělí účastníci jsou dle umístění odměněni finančními cenami. Za účast v závodu obdrží všichni účastníci pamětní list a tradiční nučický perníček. Nučická stezka má velmi dlouholetou tradici (letos 41. ročník) a každým rokem přibývá nových závodníků. Trať hlavního závodu je vedena po asfaltových komunikacích v Nučicích a sousedních obcích Dobříči a Tachlovicích. Trať závodu žen a žákovských kategoriích je vedena pouze ulicemi obce Nučice. Pro závod není provedena uzavírka komunikací, po kterých je vedena trasa závodu, je však zajištěn doprovod závodníků na trase závodu. Místo registrace závodníků, startu a cíle závodu, šatny, sociální zařízení a prostory pro pořadatelskou službu, rozhodčí a zdravotní dozor jsou umístěny v areálu SK Nučice. Cíle a přínosy projektu: - zlepšení nabídky volnočasových aktivit - podpora sportování nejen mládeže - podpora soudržnosti obyvatel obce a regionu - udržení dlouholeté tradice závodu, která trvá již 41 let - podpora zdravého životního stylu obyvatel regionu - zlepšení kulturního a společenského života v regionu. Závodu v běhu se mohou zúčastnit všichni zájemci, kteří se registrují na registračním místě. Registrace je možná i na webových stránkách obce Nučice. Závodníci, pořadatelé a rozhodčí jsou pojištění proti úrazu a je jim bezplatně poskytován pitný režim v době konání závodu a lehké občerstvení po jeho skončení. Zdůvodnění potřeby realizace projektu: celkové zlepšení prestiže Středočeského kraje, zvětšení povědomí o podporovaných akcí Středočeského kraje podpořením publicity projektu (zveřejnění podpory v místním, regionálním tisku, diplomy, pozvánky, internet) Popis způsobu realizace projektu: Příprava a organizace závodu, nákup diplomů, občerstvení a cen, administrace celého projektu - kontaktování rozhodčích, doprovodných vozidel, lékaře, propagace závodu, zajištění doprovodného programu Možná rizika realizace projektu: - nepřízeň počasí - malá propagace projektu - nezájem závodníků","žádost zkontrolována KÚ","102131","70000","","68.53942486"
"Činnosti nebo aktivity v oblasti kultury","2018","FHT/PHT/036279/2018","Oslavy v Pravoníně","Předmětem žádosti o dotaci jsou oslavy v obci Pravonín - oslavy 100. výročí vzniku republiky, ale také oslavy získání ocenění Bílá stuha v krajském kole soutěže Vesnice roku., Celá akce bude zahájena u místního hřbitova, kde se nachází památník obětem první světové války. U kaple sv. Jána bude vysazena lípa a umístěn pamětní kámen (další lípa bude vysazena v jedné z místních částí obce Pravonín). Akce bude dále pokračovat na fotbalovém hřišti a ve spolkovém domě - na hřišti se odehraje fotbalové utkání, budou připraveny soutěže pro děti a ve spolkovém domě budou připraveny dvě kapely, bohatý zábavný program pro děti (kouzelnické vystoupení, bublinková show apod.) a beseda ke 100. výročí republiky, ale také k soutěži Vesnice roku. Po celý den bude pro zájemce k dispozici kočár tažený koňmi pro projížďky po Pravoníně, dárkové předměty i občerstvení. Program bude doplněn o vystoupení dětí z místní mateřské školky a tanečních kroužků Berušky a Andílci a také místního pěveckého souboru Asihlasy. Večer zakončí taneční zábava a ohňostroj.","žádost zkontrolována KÚ","176000","120000","","68.18181818"
"Činnosti nebo aktivity v oblasti kultury","2018","FHT/PHT/036193/2018","CZ & SK DMC Final 2018","Mezinárodní DJská soutěž založena 1983 a její národní finále, ktéré vítěze posíla na světové finále do Londýna. Soutěží se ve dvou kategoriích a stejně tak, dva soutěžící potom reprezentují naše barvy v mezinárodní konkurenci (Japonsko, Brazílie, Čína, Austrálie, Nový Zeland, USA, VB, Francie, Něměcko a mnoho dalších. Akce se  už  po čtvrté bude konat v Městském Kině Brandýs nad Labem a letos jsme si jako porotu pozvali dvojnásobné světové šampiony BEATBOMBERS z Portugalska. Dvojici DJů Ride a Stereosaurus v porotě a exhibici potom doplní světový více šampion IDA DJ Five z Brna. Součástí výhry jsou nejen letenky do Londýna pro finalisty, ale také věcné ceny a titul mistra Česko-Slovenského DMC 2018.","žádost zkontrolována KÚ","80000","40000","","50"
"Činnosti nebo aktivity v oblasti výchovy a vzdělávání","2018","FHT/PHT/036219/2018","Jak na sítě v cestovním ruchu","Celodenní odborná konference pro subjekty působící v cestovním ruchu ve Středočeském kraji zaměřena na sociální sítě, a to včetně vyhodnocování reklam. Více v příloze.","žádost zkontrolována KÚ","144540","137313","","95"
"Činnosti nebo aktivity v oblasti kultury","2018","FHT/PHT/036293/2018","Oslavy 100 let založení Československa","18. župa má 7 baráčnických obcí: Příbram, Březové Hory, Březnici, Hostomice, Zdice, Dobřichovice, Řevnice.V jednotlivých baráčnických obcích se budou konat oslavy ke 100 letům založení Československa. V rámci oslav bude probíhat kladení věnců a kytic, vystoupení mažoretek, hudební kapela, vystoupení pěveckého souboru aj..","žádost zkontrolována KÚ","25000","23750","","95"
"Činnosti nebo aktivity v oblasti kultury","2018","FHT/PHT/036222/2018","700 let založení obce Vlčí Pole","Obec Vlčí Pole leží 2 km jižně od Dolního Bousova. První písemný doklad o panství Vlčí Pole pochází z roku 1318. Dominantou obce je kaple sv. Šimona a Judy a bývalý zámek, který slouží jako Dům seniorů. V současnosti žije v obci 115 obyvatel. Město Dolní Bousov, jehož je obec součástí, se rozhodlo toto významné výročí připomenout nejen místním občanům, rodákům, přátelům, ale i občanům ze širokého okolí. Součástí oslav bude výstava a projekce o historii a současnosti obce, prohlídka kaple sv.Šimona a Judy, den otevřených dveří v Domu seniorů Vlčí Pole,výstava hasičské techniky atd. Program je zaměřen nejen pro dospělé, ale i pro rodiny s dětmi. Výstupem akce bude zpracované pamětní CD o pořádní akce.","žádost zkontrolována KÚ","185125","100000","","54.01755571"
"Činnosti nebo aktivity v oblasti sportu a tělovýchovy","2018","FHT/PHT/036245/2018","Soustředění klubu RUMBLE FIGHTING z.s.","Během tohoto roku se s naším klubem RUMBLE FIGHTING z.s. chystáme na soustředění pro mládež a dospívající členy klubu v některém sportovně-rekreačním středisku v České republice. Během soustředění se budeme stravovat ve vybraném středisku. Rádi bychom na stravu našim členům přispěli. Během soustředění budou mezi našimi členy probíhat různé sportovní soutěže. Za sportovní dovednosti budeme členům rozdávat ceny (poháry, medaile, výživa pro sportovce či sladkosti apod.). Výběr proběhne ve formě poptávkového řízení. Oslovíme několik sportovně-rekreačních středisek, kde hlavním hodnotícím kritériem bude nejnižší cena za nocleh a stravu po dobu přibližně 5 dní. Stejným způsobem budeme postupovat při výběru cen. Účelem soustředění bude zlepšení fyzické kondice, posílení odolnosti a zdokonalování bojových technik našich členů. ","žádost zkontrolována KÚ","40000","35000","","87.5"
"Pořízení vybavení pro sociální, kulturní, sportovní a vzdělávací aktivity","2018","FHT/PHT/036235/2018","Prezentace dosažených výsledků sportovní činnosti mládeže","Nákup prosklené vitríny k zajištění důstojné prezentace několika stovek pohárů a trofejí, které doposud získala družstva mládeže na hasičských soutěžích. Díky neustálému rozvoji práce s mládeží se jejich počet zvýšil natolik, že stávající prostory již nejsou dostačující. A některé poháry musí být nyní uloženy v nevyhovujících podmínkách ve skladu. Po ukončení letošní sportovní sezóny připravuje náš sbor prezentaci svojí činnosti a dosažených sportovních výsledků mládeže, která se uskuteční dne 1.12.2018 v prostorách obecního úřadu ve Velence.","žádost zkontrolována KÚ","23000","20500","","89.13043478"
"Činnosti nebo aktivity v oblasti sportu a tělovýchovy","2018","FHT/PHT/036239/2018","Břežanská desítka 2018","V rámci žádosti bychom rádi požádali o finanční příspěvek na letošní 3. ročník běžeckých závodů s názvem „Břežanská desítka“. Závody se uskuteční v neděli 16. 9. 2018 v okolí Dolních Břežan, kde mají závodníci možnost zažít kvalitu profesionálního běžeckého závodu, ale v dostupnějším formátu a s přátelskou atmosférou. , Pro dospělé závodníky je připraven běžecký závod na 10 km v 7 kategoriích (4 mužské, 3 ženské), který je možné běžet také jako štafetu 2 x 5 km. Jednu kategorii tvoří nordic walking. Pro všechny závodníky je připravena rozcvička před hlavním závodem. Během závodu budou závodníci měřeni profesionální časomírou a po celý den pro ně bude zajištěno profesionální technické zázemí, včetně možnosti využití masáže. Všichni závodníci se mohou občerstvit jak během závodu, tak i v cíli. Pro děti jsou připraveny běhy v různé délce od 500 do 1500 m ve 12 kategoriích, které jsou také měřeny profesionální časomírou. Vítězové jednotlivých kategorií budou odměněni medailí a věcnými cenami. Během celého dne je pro návštěvníky zajištěn bohatý doprovodný program v podobě koncertů různých kapel a tomboly o věcné ceny. Pro děti jsou připraveny výukové lekce boxu a street dance, různé soutěže o ceny a pro ty menší skákací hrad. Pro návštěvníky jsou připraveny stánky s občerstvením. Na bezpečnost trasy dohlíží policie obce Vestec a na hladký průběh akce dohlíží několik zdravotníků., Letošní ročník jsme rozšířili o závody pro handicapované (handbike, vozíčkáře). Další novinkou jsou závody pro žáky základních škol z okolí Břežan, pro které jsme připravili další dětské běžecké tratě., V letošním roce očekáváme účast okolo 500 běžců. Závod Břežanská desítka je pro všechny věkové kategorie, a to jak dospělé, tak i dětské. Cílem organizátorů projektu je uspořádat akci, která běžcům přinese zadostiučinění a potěšení z uběhnutých kilometrů, ale zároveň i pobaví samotné běžce včetně přihlížejících návštěvníků. , V rámci propagace akce bychom rádi uveřejnili Středočeský kraj jako hlavního sponzora akce. Logo Středočeského kraje bychom použili na informačních letácích, pozvánkách, na internetových stránkách www.brezanskadesitka.cz. Během dne by bylo logo uvedené na veškerých informačních tabulích a stojanech. , Rádi bychom požádali Středočeský kraj o finanční podporu na náklady spojené s uspořádáním těchto závodů. Podrobný rozpočet nákladů závodů přikládáme v příloze. Mezi hlavní výdaje závodu patří výdaje spojené s registračním systémem a přesným měřením časů závodníků, které je zajištěno čipy ve startovních číslech. Další neméně důležitou položkou jsou odměny pro vítěze závodu – medaile a věcné ceny a občerstvení pro závodníky v podobě ovoce a iontového nápoje, které bude zajištěno na několika občerstvovacích stanicích během závodu a v cíli. Trička s potiskem pro všechny účastníky závodů. Výdaje na propagaci závodu, které by byly použity na tvorbu plakátů, výrobu plakátů a letáků, zviditelnění akce na Facebooku, Google adwords, v různých periodikách a dalších místech., Závod „Břežanská desítka“ je nevýdělečná akce. Rádi bychom za pomoci Středočeského kraje připravili kvalitní běžecký závod pro lidi z Břežan a širokého okolí. Finanční příspěvek nám pomůže zajistit závody v požadované kvalitě a šíři pro všechny kategorie závodů. , ","žádost zkontrolována KÚ","252700","60000","","23.74356945"
"Činnosti nebo aktivity v oblasti sociální","2018","FHT/PHT/036240/2018","VČASNÁ SPECIALIZOVANÁ POMOC PRO DĚTSKÉ OBĚTI DOMÁCÍHO NÁSILÍ V STŘEDOČESKÉM KRAJI",",  V České republice zažívá  dle statistik MPSV ročně  2500 dětí závažné formy domácího násilí. Odhady odborníků hovoří až o 100 000  ohrožených dětech ročně. I přes alarmující statistiky a vládní zmínky o potřebnosti odborných služeb pro dětské oběti domácí násilí (DN) se jim nedostává adekvátní pomoci.  Zkušenosti z tříletého fungování Centra LOCIKA tato fakta potvrzují. , Hlavní cílovou skupinou (beneficientem) tohoto projektu jsou dětské oběti domácího násilí ze Středočeského kraje, a jejich rodiče. Domácí násilí připravuje děti o základní potřeby bezpečí a jistoty. Prožité trauma poznamenává negativně jejich život v mnoha oblastech – ohroženo je zdraví, prožívání, schopnost obstát ve škole a mezi kamarády i budoucí partnerské vztahy. Manipulativní a násilné chování se pro ně stává normou, přijde jim běžné. Tyto děti pak nikomu nevěří, časté jsou i symptomy posttraumatické stresové poruchy. Jde o děti ohrožené syndromem CAN, potřebující specializovanou citlivou pomoc, která by jim pomohla vyrovnat se s traumatem a důsledky domácího násilí a minimalizovat přenos násilných vzorců chování, které zažily doma do jejich budoucích vztahů. Z dlouholetých zkušeností vyplývá, že pro tenhle cíl je nezbytné pracovat s celou rodinou, osobou ohroženou i původcem domácího násilí., Centrum LOCIKA (www.centrumlocika.cz) bylo otevřeno v květnu 2015 v rámci projektu„Tři pilíře bezpečí“ organizace ACORUS, od roku 2017 funguje v samostatné působnosti. Centrum poskytuje terapeutickou a psychosociální podporu při vyrovnávání se s dopady domácího násilí na psychosociální vývoj dítěte. Odborné služby jsou poskytovány v rámci pověření k sociálně-právní ochraně dětí v úzké spolupráci s příslušnými OSPOD. Jedná se o unikátní formu pomoci v ČR, která poskytuje komplexní podporu dětem ohroženým DN a jejím rodičům, včetně původce násilí.  Cílem poskytované pomoci je zastavit v rodině násilí, stabilizovat rodinnou situaci a minimalizovat dopady násilí na vývoj dětí. , Služby Centra LOCIKA jsou bezplatné a slouží pro děti a rodiče  z Prahy a Středočeského kraje. Za více než 3 roky fungování centrum poskytlo dlouhodobou odbornou pomoc a podporu v rozsahu 15 600 hodin pro více než 580 ohrožených dětí a jejich rodičů ze 340 rodin, z nichž 147 dětí pocházelo ze Středočeského kraje.  V roce 2017 bylo ze Středočeského kraje 55 dětí z celkové kapacity centra 150 dětí. Poptávka po službách Centra LOCIKA neustále převyšuje jeho kapacitu v důsledku čehož musí klienty odmítat a neexistují obdobné služby, kam by byl převis klientů odkazován. Bohužel jsme  na naši činnost z důvodu vyčerpání alokace Humanitárního fondu neobdrželi žádnou dotační a ani grantovou podporu ze strany Středočeského kraje. Abychom i nadále mohli zajišťovat včasnou odbornou pomoc i klientům ze Středočeského kraje, rozhodli jsme se po konzultacích s odborem sociálních služeb Středočeského kraje požádat o finanční podporu našich služeb touto formou. , Cílem projektu je zabezpečit včasnou odbornou pomoc pro 60 dětí ohrožených domácím násilím, a jejich rodiče, ze Středočeského kraje v celkovém rozsahu 1200 JOV (jednotka odborného výkonu v rozsahu 30 min). Cílem poskytovaných služeb  je: Zastavit násilí v rodinách, stabilizovat rodinnou situaci, snížit míru traumatizace dětí, posílit rodičovské kompetence obou rodičů a  změnit chování původců násilí ve prospěch dítěte. Výsledkem projektu bude zvýšení kvality života a psychosociálního vývoje u 60 dětských obětí ze Středočeského kraje a snížení rizika přenosu násilného chování do jejich budoucích vztahů., , K dosažení těchto cílů budou klientům poskytovány  služby podle oponované inovativní metodiky http://www.centrumlocika.cz/assets/images/Metodika_verze2_def.pdf v tomto rozsahu:, V první fázi práce s rodinou v úzké spolupráci s pracovníky OSPOD, oběma rodiči i dítětem mapujeme rodinou situaci. Cílem je zjistit potřeby dítěte a rizika, která jeho vývoj ohrožují. Součástí mapovací fáze je i komplexní psychodiagnostika dítěte. Mapovací fáze je ukončena zpravidla případovou konferencí,  na které je vytvořen plán péče pro rodinu. V návazné terapeutické fázi mohou členové rodiny využít tyto služby Centra  LOCIKA:, 1. Dlouhodobá terapie a podpora dítěte (individuální nebo skupinovou formou)., Cílem je pomoci dítěti vyrovnat s následky domácího násilí na jeho psychosociální vývoj. Za tímto účelem poskytujeme dětem terapii individuální i skupinovou formou, často za využití principů terapie hrou, expresivních terapií a technik změřených na práci s traumatem u dětí., 2. Podporu rodičovských kompetencí obou rodičů (individuální i skupinová forma)., 3. Služby zaměřené na posílení vztahu dítě-rodič (Videotrénink interakcí - Terapeutická setkání dítě rodič)., 4. Ochrana dítěte před sekundární viktimizací ., Probíhá podle potřeb dítěte, je zaměřená na zamezení další viktimizace a traumatizace dítěte v průběhu soudních sporů a policejních vyšetřování. Její součástí je podpora dětí v kontaktu s institucemi, ochrana zájmů dítěte a doprovody k výslechu u soudu, na polici atd. Součástí je i odborná pomoc při nastavení bezbečné formy a rozsahu bezpečného kontaktu dítěte a původce domácího násilí. , VÝSTUPY  PROJEKTU: , Kvantitativní indikátory:, 1. počet dětí, kterým byly poskytnuty odborné služby Centra LOCIKA ze Středočeského kraje:, indikátor: 60., výstup: anonymizovaná evidence organizace., 2. počet JOV (jednotek odborného výkonu v rozsahu 30 min), které byly poskytnuty v zájmu nezletilých dětí přímo dětem nebo jejich rodičům ze SČK:, indikátor: 1200., výstup: anonymizovaná standardizovaná evidence organizace., , Kvalitativní indikátory: , 1. Vyhodnocení dotazníků  spokojenosti od dětí po ukončení péče v Centru LOCIKA., 2. Vyhodnocení dotazníků spokojenosti od spolupracujících organizací., 3. Vyhodnocené dotazníky spokojenosti od rodičů., 4. Vyhodnocení dotazníků od dětských psychologů/žek po ukončení péče. , 5. Porovnání traumachecklistů u dětí při vstupu a výstupu do služby, výsledky rediagnostiky. , , , , , ","žádost zkontrolována KÚ","1654829","200000","","12.08584089"
"Činnosti nebo aktivity v oblasti kultury","2018","FHT/PHT/036268/2018","Pouliční veselice při příležitosti oslav výročí 100 let republiky","Název akce: Pouliční veselice při příležitosti oslav výročí 100 let republiky, Místo: Doubravčice, Datum a čas konání: 8.9.  2018, 14 – 20.00 h, Popis akce: Pouliční slavnost pro obyvatele Doubravčic i širší veřejnost pořádaná v souvislosti s celonárodními oslavami sta let české státnosti. Bude se jednat o největší z akcí pořádaných v rámci série veřejných připomenutí si výročí republiky. Vedle stezky se stanovišti „Poznej svou vlast“, kde budou děti i dospělí prostřednictvím úkolů vědomostních, fyzických i kreativně zaměřených získávat poznatky dotýkající se vzniku státnosti a naší republiky obecně, bude na veřejném prostranství ve staré zástavbě Doubravčic připraven bohatý program zahrnující hudební i divadelní vystoupení, interaktivní ukázky tradičních řemesel a zábavná stanoviště, kde se malí si velcí budou moci něco vyrobit, či se něco naučit. Samozřejmostí bude občerstvení pro účastníky a nabídka rukodělných a  kulinářských výtvorů místních obyvatel., Cíl a charakter akce: Vedle hlavního cíle akce, kterým je připomenout si vznik naší republiky, je cílem a smyslem akce co nejvíce zapojit dospělé i děti do veřejného dění v obci a společenského dění. Toto se bude dít již v přípravné fázi, kdy se dobrovolníci mohou zapojit do vymýšlení úkolů a aktivit pro jednotlivá stanoviště stezky „Poznej svou vlast“, a dále pochopitelně v rámci konání akce zapojením do vlastní  činnosti na stanovištích stezky a zábavných stanovištích v hlavním místě konání akce. V tomto případě se bude jednat zejména o různé výtvarné dílny pro děti i dospělé.  V neposlední řadě se obyvatelé obce mohou zapojit do programu tím, že se podělí o své vlastnoručně vytvořené kulinářské či jiné rukodělné výtvory. Je jim nabídnuta možnost vystoupit též v hudebním a divadelním programu. Zapojení bylo nabídnuto též místním organizacím a spolkům (mateřská škola, kroužek hudební výchovy, Komunitní škola Dokolečka, z.s. atd.)., Mělo by se jednat charakterem o komornější venkovskou aktivitu veřejného života, nikoli o masovou akci typově spadající do větších měst. , ","žádost zkontrolována KÚ","70000","50000","","71.42857143"
"Činnosti nebo aktivity v oblasti kultury","2018","FHT/PHT/036248/2018","Hmyzák 2018","ZO ČSOP Vlašim v roce 2017 organizovala festival Hmyzák, akci pro veřejnost zaměřenou na netradiční pochoutky z hmyzu. Festival přitáhl pozornost cca. 500 účastníků a médií (Benešovský deník, Radio Blaník) a stal se tak akcí s regionálním dosahem. V roce 2018 chceme využít přitažlivost fenoménu pochoutek z hmyzu k popularizaci ochrany hmyzu a obohatit program festivalu o sekci s přednáškami. V souběhu s festivalem Hmyzák 2018 proběhne v Podblanickém Ekocentru ve Vlašimi série přednášek na téma důležitosti ochrany hmyzu pro ochranu přírody a biodiverzity. Přednášky se zaměří na významné skupiny hmyzu, které mají význam v regionálním kontextu a je tak možné seznámit veřejnost s obecnějšími tezemi ochrany přírody na příkladech, které znají ze svého okolí. Přednášejícími budou odborníci, ve spolupráci s pracovníky střediska ekologického vzdělávání, výchovy a osvěty budou přednášky připraveny tak, aby byly zajímavé také po formální stránce (promítání videí apod.) Pro návštěvníky bude také připravena výstava chovatelů různých druhů hmyzu. Náklady na akci budou zahrnovat finanční prostředky vynaložené na propagaci akce, mzdy účastníků, náklady na potřebný hmyz vhodný ke konzumaci. Součástí akce bude přítomnost a nabídka regionálních produktů. Festival bude koncipován pro celou rodinu. To konkrétně znamená, že na programu budou kromě odborných přednášek o ochraně hmyzu, také aktivity pro děti spojené s hmyzí tématikou, tvůrčí dílny a workshopy.  Konzumace hmyzu je vhodné téma k upoutání pozornosti široké veřejnosti a její seznámení s chovem členovců pro potravinářské účely, který se z dlouhodobého hlediska jeví jako jedna z  nejudržitelnějších a nejekonomičtějších  cest  k zabezpečení dostatku potravy pro lidstvo. Přechod na tento způsob potravy by mohl mít zásadní vliv na zmírnění negativního dopadu intenzivního zemědělství, především živočišné produkce na životní prostředí.","žádost zkontrolována KÚ","81580","48280","","59.18117186"
"Činnosti nebo aktivity v oblasti kultury","2018","FHT/PHT/036251/2018","Mnichovický Oktoberfest 2018","Slavnosti s názvem Oktoberfest jsou celosvětově známými pivními slavnostmi, kterých se zúčastňují lidé z celého světa. My jsme se rozhodli připravit pro české pivaře české pivní slavnosti nedaleko od Prahy, které jsou inspirované mnichovskými pivními slavnostmi. Akce využívá ojedinělé podoby českého názvu obou měst Mnichov – Mnichovice. Letos již budeme pořádat 13. ročník Mnichovického Oktoberfestu, který se bude konat v pátek ve státní svátek 28.9.2018 v areálu Šibeniční vrch v Mnichovicích a v sobotu 29.9.2018 jako „dopitná“. Zahájení programu je naplánováno na 14 hodinu. Pro návštěvníky budou připraveny velké pivní party stany s posezením a vlastními výčepy, které pojmou až 1 000 hostů. Návštěvníci budou mít možnost si načepovat pivo z tzv. superpípy s názvem „Žába“. Návštěvníci se mohou těšit kromě klasických českých pivních značek (Gambrinus, Pilsner Urquell, Kozel) na bavorské pivo značky Paulaner s názvem Original Oktoberfest Weizenbier. Během celého odpoledne bude hrát k poslechu živá hudba a v pauzách budou pouštěny známé české a bavorské pivní písničky. V 17 hodin přivítá návštěvníky festivalu starostka města Mnichovice Petra Pecková. V 18:30 začne soutěž v pití piva o zlatý sud. Výherce soutěže bude zapsán na zlatý sud. , Letošní ročník bychom rádi rozšířili o nový doprovodný program i pro děti. Rádi bychom pro děti pořídili molitanové bloky – kostky, které dětem rozvíjí pohybové dovednosti a jsou oblíbenou zábavou pro děti. Dále bude pro děti připraveno speciální pampeliškové „pivo“ - sladký nealkoholický nápoj s vzhledem piva a tradiční šibeniční perníčky. , Rádi bychom požádali Středočeský kraj o finanční příspěvek na náklady spojené s organizací a uspořádáním Mnichovického Oktoberfestu. Finanční příspěvek bychom použili na náklady spojené s propagací akce – billboard u silnice, plakáty a letáky a inzerce v tisku. Logo Středočeského kraje jako hlavního sponzora akce bude uvedeno na letácích a plakátech informujících o akci, dále bude logo uveřejněno v den akce v prostorách slavnosti. Dále bychom finanční příspěvek použili na výdaje spojené s nákupem molitanových sestav pro děti. Finanční příspěvek by nám pomohl s větší propagací akce a rozšířením doprovodného programu pro návštěvníky. , Cílem našeho projektu je uspořádání společenské akce, která poskytne návštěvníkům příležitost potkat své přátele a strávit s nimi příjemný čas. Věříme, že námi pořádaná akce přivede lidi na jiné myšlenky, dopřeje jim možnost pobavit se, zatančit si a ochutnat jak pivní, tak gastronomické pochutiny, které k pivním slavnostem nezaměnitelně patří. S pomocí Středočeského kraje budeme moci připravit nezapomenutelné oslavy nejen pro rodiče, ale i pro děti., ","žádost zkontrolována KÚ","200000","50000","","25"
"Činnosti nebo aktivity v oblasti kultury","2018","FHT/PHT/036255/2018","Jarmareční trdlo aneb Jak selky na rynku trdlovaly","Trdlo může být sladký pokrm, nebo palice v hmoždíři, ale také označení pro nešikovné selky. Tento projekt ""kramářského divadla"" o dvou selkách, které na trhu trochu prodávají, trochu tančí, trochu hrají a trochu zpívají, má přiblížit především dětem a rodinám s dětmi, jak to kdysi na jarmarcích a trzích chodívalo. Dramaturgická osa představení zahrnuje klasické písničky pro děti, zapomenuté pohádky pro děti, které se hrály již před 100 lety. Finanční prostředky chceme využít na realizaci tohoto představení, případnou propagaci tohoto divadla. Případný pronájem prostor na realizaci budeme hradit ze svých zdrojů.","žádost zkontrolována KÚ","20000","15000","","75"
"Činnosti nebo aktivity v oblasti výchovy a vzdělávání","2018","FHT/PHT/036260/2018","Odstínění skautské klubovny pásem zeleně","Skautské středisko VJAS Brandýs nad Labem realizuje svou činnost ve skautském srubu v Kralupské ulici v Brandýse nad Labem. Skautský srub leží v těsné blízkosti rušné Kralupské ulice. Záměrem projektu je, se souhlasem majitele pozemku, jímž je město Brandýs nad Labem-Stará Boleslav, odstínit skautský srub a jeho přilehlé okolí pásem izolační zeleně. Jedná se o výsadbu skupiny stromů a keřů (8 stromů a 34 keřů) na ploše cca 4x50m na podzim 2018. Před samotnou výsadbou bude třeba upravit a živinami obohatit osazovanou půdu. Skladba dřevin byla navržena odborníkem v souladu s podmínkami a možnostmi lokality. Členové střediska se za odborného dohledu budou na akci spolupodílet. Akce bude mít tak nejen ekologický, ale i vzdělávací charakter. Pás izolační zeleně bude prospěšný nejen členské mládeži, ale také dětem a veřejnosti z města, pro něž skautské středisko v areálu skautského srubu pořádá různé akce. ","žádost zkontrolována KÚ","53000","50000","","94.33962264"
"Činnosti nebo aktivity v oblasti sportu a tělovýchovy","2018","FHT/PHT/036264/2018","120. výroční založení SDH Karlštejn","Předmětem naší žádosti je organizace oslav k 120. výročí založení sboru dobrovolných hasičů Karlštejn. Akce se bude konat 8.9.2018 na centrálním parkovišti Městysu Karlštejn od 14 hodin. V letošním roce očekáváme velikou účast. Kromě současných a bývalých členů sboru a jejich rodin, se akce zúčastní i místní obyvatelné a turisté, kteří navštíví Karlštejn jako turistickou atrakci. Pro návštěvníky bude připraven bohatý program v podobě ukázky historické a současné hasičské techniky SDH Karlštejn. Dospělý hasiči předvedou ukázky z činnosti dobrovolných hasičů, mezi které patří i záchrana tonoucí osoby z řeky Berounky, která protéká v blízkosti pořádané akce. Dále přijede ukázat svou záchranou techniku i Trans Hospital Řevnice. Během dne dojde k předání ocenění některým členům za dlouholetou činnost a za zásluhy. Po předání ocenění bude připravena prezentace o činnosti sboru, jeho výjezdech k mimořádným událostem a jeho uskutečněných projektech za posledních 10 let. V rámci prezentace bude připravena přednáška na téma prevence proti požárům. Pro děti bude zajištěn velký skákací hrad ve tvaru hasičského auta. Zajímavou atrakcí bude možnost se projet v hasičském člunu. Děti budou mít možnost si vyzkoušet různé hasičské vybavení a zasoutěžit v jednoduchých disciplínách. Dále pro děti bude připraveno drobné občerstvení. Na závěr oslav bude pro všechny návštěvníky zajištěna taneční zábava. Celým dnem bude návštěvníky provázet moderátor Olda Burda. , K 120. výročí sbor vydává brožuru s informacemi o sboru dobrovolných hasičů Karlštejn, která bude během oslav volně k dispozici návštěvníkům. Brožura se v současnosti připravuje pro vydání a je věnována přehledu úspěchů sboru dobrovolných hasičů za posledních 10 let, dále přehledu nejvýraznějších změn a zrealizovaných projektů hasičského sboru. Na začátku se také krátce vrátí k založení sboru dobrovolných hasičů. Součástí je také prezentace hlavních sponzorů sboru, kteří se jakýmkoliv způsobem podílejí na fungování sboru. Mezi hlavní sponzory SDH Karlštejn patří i Středočeský kraj, jehož logo bude v brožuře uvedeno. , Prezentaci Středočeského kraje jako sponzora akce zajistíme uveřejněním loga Středočeského kraje na vývěskách v prostorách akce. , Finanční příspěvek od Středočeského kraje bychom použili na náklady spojené s vydáním brožury a na náklady spojené s pronájmem skákacího hradu pro děti. Finanční příspěvek od Středočeského kraje nám pomůže zviditelnit činnost sboru a zajistit příjemné společenské odpoledne pro všechny návštěvníky akce. , ","žádost zkontrolována KÚ","59000","40000","","67.79661017"
"Činnosti nebo aktivity v oblasti sportu a tělovýchovy","2018","FHT/PHT/036265/2018","39. SVK Rally Příbram","Automobilová soutěž Rally Příbram patří k největším motoristickým podnikům nejen ve Středočeském kraji, ale v celé ČR. Většina ročníků byla zařazena do nejvyšší kategorie mezinárodního mistrovství ČR, takže tvoří důležitý článek seriálu, do kterého patří všechny významné soutěže v ČR. Je jedna ze sedmi mistrovských soutěží v naší republice a je i s mezinárodní účastí. Prudce rostoucí náklady na bezpečnost v posledních letech způsobují pořadatelům nesmírné potíže a je ohrožena existence podniku. Rally jsou v celém světě velice populární sportovní disciplínou, jsou množstvím účastníků /přímých-t.j.členů týmů, tak pasivních tj. diváků/ ekonomickým fenoménem pro region, ve kterém se realizují. Každoročně navštěvuje naší rally více jak 60000 diváků. Závod takového rozsahu je nutné připravovat několik měsíců, v praxi to vypadá tak, že po skončení jednoho ročníku se již začíná připravovat další ročník. Nejde jen o nalezení vhodných tratí, ale o zdlouhavá a náročná jednání s jednotlivými obcemi, na jejichž katastru chceme závodit, jednání s vlastníky komunikací, s pracovníky CHKO a MŽP, se členy občanských iniciativ, s dopravci a představiteli církví. Následuje administrativní příprava, tisky programů plakátů, bezpečnostních pokynů a informací, itinerářů a jízdních výkazů. Důležitá je spolupráce s médii na zajištění informovanosti veřejnosti. Po ukončení soutěže následuje likvidace bezpečnostních a informačních prvků z trati závodu a úklid v okolí tratě. Likvidace případných škod a vyhodnocení závodu probíhá až do měsíce listopadu. Při samotné rally se na její realizaci podílí více jak 800 pořadatelů, což je nezbytné k zajištění bezpečnosti návštěvníků. Právě oblast bezpečnosti je pro nás velice důležitá, na tomto místě není možné šetřit a to je i důvod podání naší žádosti.","žádost zkontrolována KÚ","3800000","200000","","5.26315789"
"Činnosti nebo aktivity v oblasti sportu a tělovýchovy","2018","FHT/PHT/036267/2018","Finálové kolo světového poháru v orientačním běhu 2018","Jedná se o poslední závod Světového poháru v orientačním běhu 2018 konaném na území Mladé Boleslavi. Nejlepší světoví závodníci budou bojovat o poslední body do světového žebříčku ve sprintovém závodě přímo v centru města. Pro hladký průběh závodu je potřeba zajistit mimo jiné dostatek kvalifikovaných pořadatelů, zázemí pro sportovce, materiál a techniku pro hladký průběh závodu atp. ","žádost zkontrolována KÚ","3400000","200000","","5.88235294"
"Činnosti nebo aktivity v oblasti výchovy a vzdělávání","2018","FHT/PHT/036271/2018","Partnerství krajské a místní samosprávy pro rozvoj venkova ve Středočeském kraji v roce 2019","Cílem projektu je posílit soudržnost a spolupráci obcí v území Středočeského kraje, rozšířit partnerství mezi Středočeským krajem a obcemi, zprostředkovat obcím některé nové služby a poskytnout stabilní zázemí pro pokrytí administrativy a koordinace aktivit starostů na území Středočeského kraje. Cíle projektu budou naplňovány realizací 7 hlavních aktivit:, 1) Newsletter pro příznivce venkova (zástupci obcí, MAS, NNO, atd.) - pravidelný elektronický měsíčník obsahující informace z činnosti sdružení a také z agendy krajského úřadu, zastupitelstva a rady kraje. Bude obsahovat také aktuální pozvánky na krajské akce, dotační příležitosti kraje., 2) Průběžná měsíční manažerská asistence starostům Středočeského kraje - manažerská a servisní činnosti starostům zastupující zájmy místních samospráv Středočeského kraje (členové krajského předsednictva SMS ČR)., 3 Poradna v oblastech práva ochrany osobních údajů a práva na informace – poskytování operativních informací a rad starostům v území Středočeského kraje v oblastech implementace GDPR a zákona č. 106/1999 Sb., 4) Vedení analytické, spisové a úřední agendy venkova na území Středočeského kraje - analytické, administrativní a spisové služby ve vztahu k zastupování venkova v konkrétních pracovních orgánech a tělesech (RSK a její komise, komise POV, apod.), 5) Poskytování zpětné vazby ze strany místní samosprávy pro potřeby kraje - pravidelné předávání klíčových podnětů z prostředí místní samosprávy v území Středočeského kraje pro potřeby vedení kraje (zejména rada kraje)., 6) Organizační spolupráce s vedením kraje, rozvíjení partnerství - podpora krajských akcí, jejich propagace, zajišťování účasti starostů a organizační podpora vzdělávacích akcí SMS ČR na území kraje., 7) Koordinace řešení specifických problémů v území kraje a zajišťování spolupráce s obcemi ze sousedních krajů v případech, kdy si to situace vyžaduje., Prostřednictvím realizace projektu bude docíleno následujících přínosů pro samosprávy i Středočeský kraj:, 1) zvyšování informovanosti starostek a starostů o aktivitách Středočeského kraje, šíření sdělení kraje důležitých pro výkon funkce starosty, 2) předávání informací o aktuálně konaných akcích (zejména těch, které pořádá Středočeský kraj), 3) vytvoření administrativního zázemí pro efektivní zastupování venkova na platformách RSK, 4) zprostředkování zásadních podmětů z obcí a menších měst ve vztahu k Středočeskému kraji, 5) rozvoj partnerství mezi krajem a jeho vedením, mikroregiony, MAS, obcemi a neziskovým sektorem na území Středočeského kraje, Dotace bude využita na část nákladů spojených s činností krajského manažera venkova (v rozsahu úvazku 0,5 - formou dodávek služeb OSVČ) v období 1. 1. – 31. 12. 2019, jehož náplní činnosti budou výše popsané hlavní aktivity projektu.","žádost zkontrolována KÚ","240000","168000","","70"
"Činnosti nebo aktivity v oblasti kultury","2018","FHT/PHT/036272/2018","Host do domu","Provozujeme nejmenší divadlo v České republice. V minulosti jsme za grantové podpory Středočeského kraje v tomto divadle realizovali projekt ""Host do domu"" s hostem Josefem Dvořákem. Projekt měl ohromný úspěch. Reportáž z této akce byla nejsledovanější reportáží v regionální televizi. Rádi bychom v tomto pokračovali. V současnosti komunikujeme s umělci, kteří by k nám rádi přijeli ( N. Konvalinková, S. Pogodová, A. Cibulka nebo P. Kostka), ale nejmenší divadlo má kapacitu 27 míst a v zhledem k nákladům, nesjme schopni tento projekt zafinancovat, proto se obracíme na vás se žádostí o finanční podporu.","žádost zkontrolována KÚ","15000","9500","","63.33333333"
"Činnosti nebo aktivity v oblasti výchovy a vzdělávání","2018","FHT/PHT/036273/2018","Československý festival","Vážená paní hejtmanko,, , v souvislosti s Vaší záštitou nad akcí „3. ročníku festivalu Wine&Art Praha 2018“, který se rozvinul do tří denní akce ve dne 7. - 9. 9. 2018 pod názvem „Československý festival“ si Vás dovoluji požádat o finanční příspěvek 200 tis. Kč., Cílem festivalu je připomenout široké veřejnosti 100 let od založení Československého státu a zvýšit tím vnímání společné národní identity a státnosti, nejen programem na hlavním podiu na Staroměstském náměstí, ale i regionálními prezentacemi (prezentace přímo na Staroměstském náměstí a v region pointech v Karolinu - Čechy a Morava - a Betlémské kapli - Slovensko). , Ve slovenském Regionpointu v Betlémské kapli bude zastoupeno 16 slovenských oblastí a budou prezentovat to nejlepší ze SR a hlavně z cestovního ruchu. Slovenská republika má tento festival jako hlavní akci v rámci oslav 100. výročí republiky v ČR., Letošní festival se mj. koná pod záštitou: předsedy Poslanecké sněmovny pana Radka Vondráčka, primátorky hl. Města Prahy paní Adriany Krnáčové, předsedkyně Asociace krajů ČR Jany Vildumetzové, tradičně také pod záštitou předsedy Svazu měst a obcí ČR pana Františka Lukla. Záštitu převzal i Slovenský velvyslanec pan Peter Weiss, primátor hl. města Bratislavy pan Ivo Nesrovnal, ministr dopravy a výstavby SR pan Arpád Ersék., Dne 7. 9. 2018 v Karolinu na Karlově univerzitě se uskuteční tisková konference k festivalu a k novému nadregionálnímu programu cestovního ruchu České republiky za účasti ministryně pí. Dostálové, CzechTourismu, hlavních partnerů z ČR a SR a hl. města Prahy. Tento program podporuje integrovanou zážitkovou turistiku v jednotlivých regionech České republiky. Ve spolupráci s agenturou CzechTourism budou vyhlášeny kritéria, od letošního roku každoroční, celostátní soutěže o nejatraktivnější, nejprofesionálnější a zákaznicky nejlépe hodnocené regionální produkty a služby v oblasti cestovního ruchu. Partnerem soutěže je Forum cestovního ruchu., O víkendu na Staroměstském náměstí čeká návštěvníky bohatý hudební, taneční i divadelní program, na kterém se podílí česká i slovenská strana. Součástí akce na Staroměstském náměstí budou i ukázky řemesel z mnoha krajů. Předpokládáme, že se zúčastní i Středočeský kraj. V průběhu oslav proběhnou oficiální zdravice, jak představitelů obou republik, tak i představitelů partnerských krajů ČR., Festival bude největší oslavou 100. výročí republiky, která se bude konat na území hl. města Prahy pro nejširší veřejnost s volným vstupem., Současně 8. 9. 2018 proběhne pochůzková akce centrem Prahy, kde návštěvníci ve vybraných galeriích budou mít zprostředkované komentované prohlídky expozic, setkání s vystavujícími autory či doprovodná hudební vystoupení. , Veškeré informace o festivalu se dočtete na www.ceskoslovenskyfestival.cz. , , Vážená paní hejtmanko, vzhledem k tomu, že akce je zdarma přístupná veřejnosti, budeme rádi za Vaší finanční podporu. Vím, že máte nabitý pracovní program, ale prosím, zvažte Vaší účast na tiskové konferenci i na vlastní akci., , S úctou, , Jaroslava Malíková, ","žádost zkontrolována KÚ","1895000","200000","","10.55408971"
"Činnosti nebo aktivity v oblasti sportu a tělovýchovy","2018","FHT/PHT/036294/2018","European Championship Appaloosa Horse Show","Jedná se o Mistrovství Evropy ve westernovém ježdění na koni pro plemeno appaloosa. Akce je pořádána Appaloosa Horse Clubem České republiky, závody se tak výjimečně konají v České republice, v jezdeckém areálu Zduchovice., Akce se bude účastnit má dcera, Denisa Váňová, která je sportovní jezdkyní na koni ve westernovém ježdění. Na svém kontě již má titul Mistra ČR Western Riding Clubu, 6x titul Mistra Evropy pod Appaloosa Horse Clubem a mimo jiné se umístila na 1. místě v celosvětovém žebříčku za celkový počet získaných bodů za rok 2017. Rády bychom tímto požádaly o finanční podporu na tuto akci. Dcera zde bude obhajovat celkové vítězství ME v kategorii mládež z loňského roku a nově také bude během závodů reprezentovat Českou Republiku při poháru národů, kde proti sobě budou závodit vybraní členové za každou zastoupenou zemi Evropy. Závody jsou pětidenní, dcera bude se svým koněm soutěžit zhruba v 15 různých disciplínách. Zde přikládám odkaz na oficiální webové stránky akce - https://www.euro-appa.com/.","žádost zkontrolována KÚ","37600","34100","","90.69148936"
"Činnosti nebo aktivity v oblasti sportu a tělovýchovy","2018","FHT/PHT/036276/2018","Reprezentace na mistrovství Evropy v klasickém silovém trojboji v Litvě","Účelem žádosti o dotaci je podpora reprezentantů České republiky v kategorii juniorů, kteří se zúčastní mistrovství Evropy v klasickém silovém trojboji. Tento šampionát se uskuteční v Litvě ve městě Kaunas ve dnech 24. 11. – 2. 12. 2018. Jmenovitě jde o start Blanky Pilátové (1996), Veroniky Opočenské (1999), Anety Jelenové (1999) a Vojtěcha Mitterwalda (1997), případně dalších reprezentačních náhradníků. Tito sportovci jsou členy oddílu SK ZLOBR Sedlčany z.s. (dále také „SK ZLOBR Sedlčany“), který působí ve Středočeském kraji. Na výše uvedený šampionát jsou sportovci nominováni a v současnosti se na tyto závody připravují. , , SK ZLOBR Sedlčany systematicky pracuje s dětmi, talentovanou mládeží a reprezentanty již devátý rok v řadě. Jedná se o spolek, který je členem Českého svazu silového trojboje, z. s. Z pohledu péče o mládež jde o velmi kvalitní klub. V roce 2017 byl výběr mládežnické reprezentace České republiky tvořen z patnácti sportovců, z čehož devět bylo členy SK ZLOBR Sedlčany. To znamená, že tři pětiny mládežnické reprezentace tvořili sportovci z jednoho oddílu respektive ze Středočeského kraje. Nejen v silovém trojboji, ale i obecně v českém sportovním prostředí se jedná o zcela výjimečnou událost, kdy jeden kraj díky své intenzivní práci s talentovanou mládeží takto celorepublikově dominuje. Podporou výše uvedených sportovců na šampionátu v Litvě bude tento trend zachován., , Přínosy projektu:, , 1) Umožnění startu talentované mládeže respektive juniorských závodníků na soutěži v Litvě, a tím zvýšení pravděpodobnosti získání medaile z mistrovství Evropy, patří mezi velký přínos celého projektu, neboť by tím byla zajištěna velká propagace Středočeského kraje na evropské půdě., , 2) Výše uvedení sportovci jsou díky své reprezentaci vzorem pro další výkonnostní nadějné talenty. Jedná se o velký přínos projektu, neboť po každém úspěchu sedlčanského sportovce se zvyšuje členská základna v tomto sportovním odvětví ve Středočeském kraji., , 3) Zásadním přínosem projektu je osvěta boje proti dopingu a drogám. Na základě požadavků evropské federace silového trojboje budou před šampionáty výše uvedení reprezentanti v tzv. monitoringu antidopingového výboru. Talentovaná mládež se tímto systémem učí morální zodpovědnosti, čímž pozitivně působí i na ostatní členy SK ZLOBR Sedlčany. , , Náklady:, Poskytnutím dotace by byly pokryty části nákladů, které spolek SK ZLOBR Sedlčany vynakládá na reprezentaci svých členů. Pokud jde o strukturu nákladů, jedná se o letenku na místo šampionátu a zpět, ubytování v hotelu dle propozic mistrovství a transport z letiště do místa dění. Podpora se týká pouze výše uvedené talentované mládeže, nejedná se o úhradu letenek či ubytování trenérů, rozhodčích a doprovodu. I přesto, že se jedná o naprosto nezbytné náklady, bude spoluúčast SK ZLOBR Sedlčany na těchto položkách vysoká. Vedlejší náklady, jako jsou reprezentační soupravy, uhrazení startovného a antidopingového poplatku, sportovní dresy, soutěžní singlety, trenérská činnost, údržba tréninkového náčiní, doplňků výživy pro sportovce a propagační činnost, nebude součásti projektu a SK ZLOBR Sedlčany je bude hradit z vlastních nebo jiných zdrojů. I proto, že vedlejší náklady mimo tento projekt jsou velice vysoké, žádá SK ZLOBR Sedlčany Středočeský kraj, aby podpořil reprezentanty a umožnil jim tak ucházet se o medaili z mistrovství Evropy., Po sportovní stránce je projekt připravený. Výše uvedení sportovci jsou v nominaci a jejich příprava probíhá celoročně. Finanční podpora Středočeského kraje by umožnila celý projekt realizovat a zajistila by důstojnou reprezentaci talentované mládeže., ","žádost zkontrolována KÚ","49000","35000","","71.42857143"
"Činnosti nebo aktivity v oblasti výchovy a vzdělávání","2018","FHT/PHT/036277/2018","Pohádková cesta v Dobřichově 2018.","Organizace a technické zabezpečení kulturně vzdělávací akce pro děti a mládež z obce Dobřichov a širokého okolí. Tématikou Pohádkové cesty v Dobřichově 2018, je plnění vzdělávacích úkolů pro děti v rámci stanovišť napříč obcí Dobřichov. Jedná se o 7. ročník této akce a očekává se přes 370 dětských návštěvníků. Každý z návštěvníků bude v cíli, kde bude připraven doprovodný program pro děti, odměněn za absolvování Pohádkové cesty v Dobřichově 2018. ","žádost zkontrolována KÚ","45000","42750","","95"
"Činnosti nebo aktivity v oblasti sportu a tělovýchovy","2018","FHT/PHT/036278/2018","Technické vybavení pro družstvo přípravky SDH Křešín","Nákup technického vybavení pro nově vzniklé družstvo přípravky (děti ve věku 3-6 let) SDH Křešín. V letošním roce se aktivně zapojily do sportovní činnosti v požárním sportu  i nejmenší děti, pro které nám chybí technické vybavení. Rádi bychom podpořili vznikající novou generaci hasičů v Křešíně a zajistili jim potřebné zázemí.","žádost zkontrolována KÚ","31632","30050","","94.99873546"
"Činnosti nebo aktivity v oblasti kultury","2018","FHT/PHT/036285/2018","Sraz domašínských rodáků a oslavy 100. výročí založení republiky","Jako zástupce Osadního výboru Domašín tímto žádám o podporu akce „Sraz domašínských rodáků a oslavy 100. výročí založení republiky“, které pořádají obyvatelé sídla Domašín, SDH Domašín, T.J. Sokol Domašín, Rytíři sv. Jakuba o.s. a další místní spolky. Akce se odehraje 27. října 2018 od 13 hodin na náměstí v Domašíně u Vlašimi., Cílem akce je setkání současných i bývalých obyvatel Domašína, připomenutí minulosti obce formou historické přednášky a výstavy fotografií a kronik ve významných budovách spojených s historií i současností Domašína. , Součástí akce budou i oslavy 100. výročí založení Československa. V jejich rámci plánujeme provést pietní akt u pomníku obětí první a druhé světové války a odhalit pamětní desku věnovanou bývalému starostovi Domašína Františku Sklenářovi, který zemřel za 2. světové války v koncentračním táboře Dachau, kam byl jako zástupce obce odvlečen po incidentu „Na radnici“. , Domníváme se, že náplň i pojetí celé akce bude představovat důstojnou vzpomínku na bohatou historii Domašína a přinese všem občanům příležitost potkat se se svými známými a přáteli, s nimiž se dlouhá léta neviděli. , , Předběžný program akce:, 13.00–13.15 Zahájení na náměstí, 13.30–14.15 Mše svatá v kostele sv. Jakuba, 13.00–17.30 Výstava v budově bývalé školy, 13.00–17.30 Otevřená hasičárna (výstava fotek a kronik), 13.00–17.30 Otevřená sokolovna (výstava fotek), 15.00–16.00 Přednáška o historii Domašína (Sokolovna), 16.30–17.30 Zasazení sokolské lípy, dětský lampionový průvod, kladení věnců a odhalení pamětní desky F. Sklenáře, 19.00 Společenský večer (Sokolovna), Plánovaný doprovodný program akce:, Vystoupení skupiny Náhodná setkání, Projížďky Domašínem a okolím, Pohledy na Domašín z dronu, Možnost letu (s úhradou nákladů) nad Domašínem, , Předběžný rozpočet akce k 31. 7. 2018:, Vystoupení kapely na náměstí: 4000 Kč, Vystoupení kapely na společenském večeru: 9000 Kč, Dechová kapela u pietního průvodu: 6000 Kč, Vystoupení mažoretek: 2000 Kč, Výroba pamětní desky: 25 000 Kč, Nákup sokolské lípy: 5000 Kč, Tisk pozvánek a plakátů: 5000 Kč, Propriety pro výstavy (rámečky na fotky, tisk fotek, apod.): 7000 Kč, , Celkový odhadovaný rozpočet tedy činí 63 000 Kč. , Příjmovou část rozpočtu chceme vedle dotace zajistit i sponzorskými dary, příspěvkem od Města Vlašim, sbírkou občanů a výnosem z prodeje občerstvení během akce. Veškeré organizační práce a služby budou zajištěny členy organizujících spolků bezplatně. , ","žádost zkontrolována KÚ","62000","40000","","64.51612903"
"Činnosti nebo aktivity v oblasti sportu a tělovýchovy","2018","FHT/PHT/036283/2018","Mistrovství České republiky v cyklokrosu","Mistrovství České republiky v cyklokrosu kategorie Ženy a Muži Elite bude v lednu 2019 pořádat Tělovýchovná jednota Sokol již podruhé. Šampionát se uskuteční na atraktivní a nejtěžší trati nejen v Čechách. V pořádání cyklokrosových závodů má TJ Sokol více než 60ti letou tradici. Závod Elite bude v přímém přenose vysílat Česká televize na programu ČT4 sport.","žádost zkontrolována KÚ","315000","70000","","22.22222222"
"Činnosti nebo aktivity v oblasti kultury","2018","FHT/PHT/036284/2018","Vinný košt v Poděbradech","Hlavní myšlenkou vinného koštu v Poděbradech je nabídnout lidem snoubení gastronomie s vínem (českým i moravským) a zanechat v nich unikátní zážitek, jenž bude dotvářen jedinečností zámku a hudebním programem. Lidé si tak budou moci vychutnat víno přímo od vinařů, klást jim otázky, které jim budou zodpovězeny přímo „mistry svého řemesla“. , Vstupné je pro veřejnost zdarma. Víno se bude pít pouze z festivalových skleniček, které si budou moci lidé odnést po akci domů, a na místě nezbyde žádný odpad z plastů, který by významným způsobem poničil dojem z právě proběhlé akce. Návštěvníci akce si díky památečním sklenicím budou moci po zbytek roku připomínat říjnový den, který strávili se svými přáteli se skleničkou lahodného vína.,  Jelikož se bude akce konat po hlavní turistické sezóně, pokusíme se opět přilákat návštěvníky do turisticky vyhledávaného lázeňského města Poděbrad a oživit tak jeho centrum. Propagace akce tedy bude probíhat nejen na území Poděbrad, ale také v okolních městech i přilehlých obcích. , Atmosféru akce bude dotvářet nejen unikátní místo poděbradského zámku, ale také hudební program, kde svou účast potvrdili Sabina Ludányiová a její kapela, country kapela Daltonové a podzimní tour zde odstartuje kapela Last Station. Celým dnem bude účastníky akce provázet moderátor, který si pro veřejnost připraví soutěže (např. poznání vinařství podle koštování vzorků vína) a představí vinařství, výrobce pochoutek a také kapely. , Smyslem akce je vytvořit z vinného koštu tradici, kdy lidé budou s nadšením očekávat další ročníky!","žádost zkontrolována KÚ","110000","44000","","40"
"Činnosti nebo aktivity v oblasti sportu a tělovýchovy","2018","FHT/PHT/036290/2018","Volenická noc","Dovolujeme si Vás požádat o dotaci na nultý ročník akce Volenická noc. Jedná se o noční cvičení v požárním sportu, kterého se zúčastní i jednotky SDH z okolí (zatím přihlášeno 11 jednotek). Vítězové obdrží poháry a věcné ceny. V rámci akce bude pořízeno materiální vybavení pro potřeby jednotky.","žádost zkontrolována KÚ","50000","30000","","60"
"Činnosti nebo aktivity v oblasti sportu a tělovýchovy","2018","FHT/PHT/036291/2018","Cena TŠ Salta","Sportovní akce celorepublikového významu pořádaná v regionu Středočeského kraje. Taneční postupová soutěž v standardních a latinsko-amerických tancích párů třídy A - soutěž výběrového řízení, kterou přiděluje ČSTS na základě splněných kritériích. Jedná se o soutěže v tanečním sportu, kde soutěží také kategorie od juniorů přes  dospělé po seniori ve standardních a latinskoamerických tancích., , Soutěž bude řízena propozicemi, které budou vydány před touto akcí a podle Soutěžního řádu pro soutěže v tanečním sportu v České republice., Postupové soutěže: Jun-I-E-STT, Jun-I-E-LAT, Jun-II-E-STT, Jun-II-E-LAT, Jun-I-D-STT, Jun-I-D-LAT, Jun-II-D-STT, Jun-II-D-LAT, Jun-II-C-STT, Jun-II-C-LAT, Dospělí-A-STT, Dospělí-A-LAT, Senioři-I-D-STT, Senioři-I-D-LAT, Senioři-I-C-STT, Senioři-I-C-LAT, ","žádost zkontrolována KÚ","90000","50000","","55.55555556"
"Činnosti nebo aktivity v oblasti výchovy a vzdělávání","2018","FHT/PHT/036292/2018","VLAK REPUBLIKY","Parním vlakem na cestu časem., S kostýmovanými průvodci pojedeme z Kladna do Prahy a zpět, s aktivitami po dobu jízdy. , Počet účastníků: min. 500 dětí + pedagogický dozor , Obsah výletu: 1. cesta parním vlakem z Kladna do Prahy hl.n. a zpět, 2. průvodci v historických kostýmech, 3. výjevy z historie vzniku ČR (herci v dobových kostýmech), 4. vlak legionářů, 5. prezidentský salonek na hl.n, 6. návštěva obecního domu - místa vyhlášení samostatné ČR, včetně pamětní desky této události.","žádost zkontrolována KÚ","350000","200000","","57.14285714"
"Činnosti nebo aktivity v oblasti sportu a tělovýchovy","2018","FHT/PHT/036295/2018","PŘEBOR STŘEDOČESKÉHO KRAJE V KARATE","Obsahem a cílem projektu je finanční podpora soutěže „Přebor Středočeského kraje“, která je jedinou krajskou postupovou soutěží na Mistrovství České republiky 2018 v karate. Akce je určena výhradně pro sportovní kluby ze Středočeského kraje, resp. ze Středočeského svazu karate. Středočeský svaz karate, jako jediný krajský svaz karate, zastupuje na území středních Čech: Český svaz karate, Český olympijský výbor a Mezinárodní olympijský výbor. Členové kraje se v současné době aktivně připravují na eliminační soutěže nadcházejících letních olympijských her. Pořádání soutěží většího rozsahu však není v organizačních možnostech krajského sportovního svazu, a proto pro rok 2018 určil pořadatele soutěže „Přebor Středočeského kraje“ právě klub SC Spirit Říčany. Bohužel ekonomické možnosti krajského sportovního svazu neumožňují větší finanční podporu tohoto turnaje. Pro zachování dostupnosti akce i pro širokou sportovní veřejnost a děti ze sociálně slabších rodin, nelze ani počítat se vstupným, či např. startovným, které by pokrylo náklady na akci. Klub SC Spirit Říčany vyjednal podporu od města Říčany, které bude v letošním roce hostit tento turnaj. Tato finanční podpora, však nedosahuje ani třetiny výdajů, které jsou na akci nutné. Význam soutěže je pro všechny děti i mládež velmi značný, jelikož bez tohoto turnaje nemůže Středočeský svaz karate nominovat své členy na nadcházející Mistrovství ČR. Z tohoto důvodů žádáme o finanční podporu této významné akce, která má značný dopad na děti a mládež ze Středočeského kraje. Děti budou soutěžit dle pravidel Českého svazu karate, tzn. že na soutěži budou děti již od 7 let. , Hospodaření projektu: Rozpočet projektu počítá s výrazným využitím materiálu a zázemím organizací SC Spirit Říčany a Středočeského svazu karate, kteří na víkend zdarma zapůjčí vybrané potřebné pomůcky. V rámci nákladů na projekt jsou tak uvedeny jen nezbytné věci pro uspořádání akce a materiální vybavení obsahují položky dle směrnic Mezinárodního svazu karate, resp. Českého svazu karate. S ohledem na neziskovost akce a rozpočtové možnosti, žádáme touto cestou o finanční podporu od Středočeského kraje. , Zacílení projektu: Sportovní turnaj Přebor Středočeského kraje je určen převážně členům Středočeského svazu karate. V tomto okamžiku je předpokládaná účast cca 160 závodníků, resp. 245 individuálních startů (z toho 145 startujících dětí do 18 let, resp. 230 individuálních startů dětí) a cca 240 diváků. , Publicita / propagace: Propagace akce bude probíhat v rámci regionálních a krajských mediích + v odborných mediích. V současné době je přislíbená prezentace na portálu karate-info.cz, který je nejnavštěvovanější odborným médiem o karate v ČR. Do propozic a všech propagačních materiálů bude uvedeno logo Středočeského kraje a dále bude zveřejněno logo Středočeského kraje na internetových stránkách organizátorů akce (www.spirit-sport.cz). Logo kraje bude umístěno přímo ve sportovní hale proti hlavní tribuně. V případě zájmu budeme také rádi za případnou účast zástupce Středočeského kraje na turnaji. , ","žádost zkontrolována KÚ","104454","77945","","74.62136443"
"Činnosti nebo aktivity v oblasti kultury","2018","FHT/PHT/036296/2018","Svěcení obecních symbolů","Dne 8.9.2018 proběhne jednodenní akce Svěcení obecních symbolů pořádaná Obecním úřadem. Akce je určena pro občany Kozmic a okolních obcí. Účelem akce je svěcení obecních symbolů udělené Poslaneckou sněmovnou dne 6.6.2017 s kulturním programem pro přítomné. Předpokládaná účast cca 300 lidí. V kulturním programu vystoupí Folklórní soubor Benešáček a kapela 5xZavřel.","žádost zkontrolována KÚ","75042","71289","","94.99880067"
"Financování dalších činností a aktivit, nad nimiž převzal záštitu některý z orgánů SK","2018","FHT/PHT/036297/2018","EVROPSKÝ TÝDEN MOBILITY (ETM)  - BARIÉRA LABE - DEN BEZ AUT - NÁPADY PRO NYMBURKprověření možností odstranění Bariéry Labe pro pěší a cyklisty v Nymburce"," •  Popis a způsob realizace akce/projektu: citace z programu ETM 2018, Kampaň EVROPSKÉHO TÝDNE MOBILITY 2018 se pokusí přesvědčit evropskou veřejnost, že automobily nejsou jediným dopravním prostředkem. V městských oblastech je k dispozici řada smysluplnějších možností. sednete za volant, zkuste nový přístup: „Kombinuj a jeď!“ Kampaň EVROPSKÉHO TÝDNE MOBILITY se již tradičně snaží upozorňovat na neudržitelný nárůst automobilové dopravy ve městech a na různé způsoby jeho řešení. Městské úřady mohou v rámci týdne od 16. do 22. září realizovat řadu aktivit zacílených na téma udržitelné dopravy – jedná se o skvělou příležitost vyzkoušet nová dopravní opatření a inovativní řešení a získat potřebnou zpětnou vazbu od veřejnosti...... , Současný stav dopravy v Nymburce a na mostě , Po řízené demolici pěší lávky přes Labe se velkou bariérou pro pěší i cyklisty stala řeka Labe. Chodci na silniční most nesmí a musí proto dlouze obcházet a použít bud´ železniční most anebo visutou lávku přes zdymadlo, která je bariérová, nebezpečná a všichni, např. i matky s kočárky musí překonat 27 prudkých schodů bez podesty. , Obě varianty obchozích tras pak reprezentují téměř dvoukilometrovou procházku. Důsledkem toho je, že většína obyvatel je nucena použít k cestě přes Labe automobil a to i několikrát denně. To přináší problémy s parkováním na náměstí, v centru u škol, školek, u nádraží. Malé procento osob a školní mládež používají autobusy. Přes velmi úzký a jediný silniční most je pohyb cyklistů v souběhu s auty nebezpečný. , Cíl projektu:, V souladu s výše uvedenou výzvou ETM (vyzkoušet nová dopravní opatření a inovativní řešení a získat potřebnou zpětnou vazbu od veřejnosti ) a po dohodě se zástupci Středočeského kraje a v součinnosti s Městem a Policií hodláme prověřit alternativní možnosti odstranění BARIÉRY LABE i výše uvedených potíží s pohyběm osob na trase Zálabí - náměstí Přemyslovců. , Popis projektu:, 1/ po dobu několika týdnů bude na mostě experimentálně vymezen 1 pruh o šíři cca 2,5 m pro pěší a cyklisty (pohyb v obou směrech) přičemž motorová doprava bude svedena jednosměrně do zbývajících 3 metrů šířky mostu řízena střídavě, pomocí světelné signalizace-semaforů. Zpětná vazba bude zajištěna měřením intenzit počtu aut, cyklistů a chodců před a v průběhu akce. , 2/ Projednáme možnost přívozu nasazením lodi Blanice nebo přívozu z Osečku, který bude jezdit během dne v cca půlhodinových intervalech ze Zálabí (poblíž Žofína) na parkoviště pod Eliškou. Vyhodnotíme rovněž využití přívozu a jeho vliv na intenzity provozu aut na mostě., c/ Experimentální zavedení školního autobusu na trase Zálabí – škola v Tyršově ulici , (v případě hezkého počasí jednáme o možnosti využití autobusu bzz střechy)  , 3/ Den bez aut - 30.9.2018 neděle, Proběhne velká cyklojízda městem: cyklisté, in-linisté, vozíčkáři, koloběžky, handbikeři, rodiče a děti ..... doprovod Policie, předcházet bude vytyčení trasy, projednání s Městem, MP, Policií ČR. Během jízdy budou dle okolností a počtu účastníků zastávky s výkladem a občerstvením  , 4/ Uzavření mostu V případě dohody s Policií ČR a kompetentními orgány se v rámci akce DEN BEZ AUT pokusíme v neděli odpoledne 30.9.2017 domluvit dočasné celkové uzavření mostu. Proběhne hapening na mostě pro všechny věkové kategorie: hudba, stánky, soutěže, volný pohyb oběma směry, tříkolky, koloběžky , 4/ Kino SVĚT závěrem proběhne vyhodncení akce a beseda s občany  , 5/ Doprovodná akce: VÝSTAVA DĚTSKÝCH KRESEB A PROJEKTŮ ,     NÁPADY (nejen dopravní) PRO NYMBURK v měsících září a říjen, ","žádost zkontrolována KÚ","192500","175000","","90.90909091"
"Pořízení vybavení pro sociální, kulturní, sportovní a vzdělávací aktivity","2018","FHT/PHT/036298/2018","Pořízení vybavení - přenosné motorové požární stříkačky","- pořízení a obnova vybaveni a zařízení Hasičské zbrojnice SDH Kostelík, - požadovaný příspěvek by byl využit k pořízení přenosné motorové požární stříkačky, která je dnes v nepříliš optimálním stavu (stáří stříkačky neodpovídá dnešním požadavkům na výkon daného zařízení), - výběr daného vybavení bude probíhat přes oficiálního dodavatele požární techniky (výběrové řízení)","žádost zkontrolována KÚ","145000","130500","","90"
"Činnosti nebo aktivity v oblasti kultury","2018","FHT/PHT/036302/2018","Po stopách minulosti","Jedná se o akci zaměřenou na oslavu stoletétého období nejen v obci Krchleby. Nejprve bude vysazena lípa na posvátném místě sochy sv. Františka. Zasvětíme místní obyvatele do období 1918 - 2018 - vypracována brožura s historií obce a Československa, pořízení pamětních plecháčků k této slavnosti. Celá akce zaměřena i na děti s rodiči, kteří se zúčastní hry s naší historií a památkami. Mohou se dovědět spoustu informací z historie. Vše bude ukončeno Venkovskou kapelou - dechová hudba.","žádost zkontrolována KÚ","65000","45000","","69.23076923"
"Činnosti nebo aktivity v oblasti kultury","2018","FHT/PHT/036304/2018","Lhotákův Deník nalezený pod kapotou","Dodatečné vydání básnické sbírky k poctě Kamila Lhotáka u příležitosti oficiálního zakončení jeho jubilejní výstavy v Mladé Boleslavi (v rámci Lhotákova podzimu 2017). Výstava proběhla i v Benátkách nad Jizerou.","žádost zkontrolována KÚ","30000","10000","","33.33333333"
"Činnosti nebo aktivity v oblasti sociální","2018","FHT/PHT/036308/2018","Podpora společenského života seniorů v Centru Rožmitál pod Třemšínem, poskytovatele sociálních služeb","Pořádání kulturních a společenských akcí v Centru Rožmitál pod Třemšínem pro uživatele, pravidelné pořádání aktivizačních činností pro vyplnění volného času seniorů s cílem zachování stávajících schopností a dovedností.","žádost zkontrolována KÚ","107600","53800","","50"
"Činnosti nebo aktivity v oblasti výchovy a vzdělávání","2018","FHT/PHT/036313/2018","120. výročí školy","Na podzim proběhne ve škole oslava 120. výročí položení základního kamene k budově školy a zároveň oslava výročí republiky.","žádost zkontrolována KÚ","50000","45000","","90"
"Činnosti nebo aktivity v oblasti sportu a tělovýchovy","2018","FHT/PHT/036319/2018","Poberounský dvojboj","Poberounský dvojboj je závod gymnastické všestrannosti určený pro, dívky a chlapce ve věku od 4 do 15 let. První ročník této soutěže proběhl v roce 2016, v loňském roce se soutěže zúčastnilo již přes 100 dětí. Jednalo se především o děti z oddílů, z dolního Poberouní, ale přibyli i účastníci ze vzdálenějších destinací. , Závod probíhá ve specializované gymnastické tělocvičně v Dobřichovicích. , Postup při realizaci bude následující:, - připravení propozic závodu, - propagace do sportovních asociací, oddílů a škol, zveřejnění na sociální sítě, - zajištění organizátorů, rozhodčích, technické čety, výpočetní komise, hudební režie, fotografa a kameramana, - zajištění technického vybavení, diplomů, odměn, - pozvání zástupců místního tisku a místní samosprávy, - zpracování registrací a vyhotovení harmonogramu soutěže, - samotná realizace, - výstupy z akce (foto a videodokumentace, prezentace na webu a facebooku, články v místním, tisku a odborných publikacích), ","žádost zkontrolována KÚ","82000","60000","","73.17073171"
"Činnosti nebo aktivity v oblasti kultury","2018","FHT/PHT/036322/2018","Svatohubertská mše","Svatohubertská troubená mše za okres Nymburk. Tyto mše pomáhají k uchování tradice myslivosti a kulturní dědictví národa. Na této akci se bude finančně spolupodílet OMS Nymburk a Město Lysá. Akce se uskuteční v Kostele sv. Jana Křtitele v Lysé nad Labem.","žádost zkontrolována KÚ","30000","15000","","50"
"Činnosti nebo aktivity v oblasti kultury","2018","FHT/PHT/036329/2018","Vánoční koncert v obci Libeř a Libeň","Finanční prostředky budou použity na Vánoční koncerty ve výše zmíněných obcích. Sólisté a sbor Národního divadla provedou v předvánoční době dvě koncertní představení, složené z vánočních koled a části Rybovi mše.","žádost zkontrolována KÚ","32500","30000","","92.30769231"
"Činnosti nebo aktivity v oblasti životního prostředí ","2018","FHT/PHT/036333/2018","Liniová výsadba stromů","Výsadba ""lipové aleje republiky"" u příležitosti výročí 100 let republiky. Jedná se o 48 ks Lípy srdčité","žádost zkontrolována KÚ","300000","200000","","66.66666667"
"Činnosti nebo aktivity v oblasti kultury","2018","FHT/PHT/036334/2018","Výročí založení sboru dobrovolných hasičů Václavy  120 let","Oslavy 120 výročí  SDH,  slavnostní průvod obcí, položení věnců, schůze přivítání hostů, vyznamenání členů SDH,projev starosty , velitele a hostů předání darů hostům, diskuse, Slavnostní oběd, ukázky činnosti hasičů- koňské rodeo - vysoupení a hudba.","žádost zkontrolována KÚ","32500","30000","","92.30769231"
